"","DeconRNASeq_CBSX.NSCLC.PBMCs.scRNAseq_B.cells","B.cells_Subgroup.3.Iteration.1","B.cells_Subgroup.5.Iteration.1","B.cells_Subgroup.1.Iteration.2","B.cells_Subgroup.2.Iteration.2","B.cells_Subgroup.3.Iteration.2","DeconRNASeq_LM22_B.naive.cells","B.naive.cells_Subgroup.1.Iteration.1","B.memory.cells_Subgroup.1.Iteration.1","DeconRNASeq_CBSX.Melanoma.scRNAseq_Macrophages.cells","CBSX_CBSX.HNSCC.scRNAseq_Macrophages.cells","CBSX_CBSX.Melanoma.scRNAseq_Macrophages.cells","DeconRNASeq_BPRNACanProMet_Macrophages.M0","Macrophages.M0_Subgroup.1.Iteration.1","Quantiseq_Macrophages.M1","DeconRNASeq_BPRNACanProMet_Macrophages.M1","DWLS_BPRNACanProMet_Macrophages.M1","Macrophages.M1_Subgroup.1.Iteration.1","Macrophages.M1_Subgroup.2.Iteration.1","Macrophages.M1_Subgroup.3.Iteration.1","Quantiseq_Macrophages.M2","DeconRNASeq_CCLE.TIL10_Macrophages.M2","Epidish_TIL10_Macrophages.M2","DWLS_TIL10_Macrophages.M2","CBSX_CCLE.TIL10_Macrophages.M2","CBSX_TIL10_Macrophages.M2","DeconRNASeq_LM22_Macrophages.M2","Macrophages.M2_Subgroup.1.Iteration.1","Macrophages.M2_Subgroup.2.Iteration.1","Macrophages.M2_Subgroup.3.Iteration.1","CBSX_TIL10_Monocytes","Monocytes_Subgroup.2.Iteration.1","Monocytes_Subgroup.3.Iteration.1","Monocytes_Subgroup.1.Iteration.2","Monocytes_Subgroup.2.Iteration.2","DeconRNASeq_BPRNACanProMet_Neutrophils","DWLS_BPRNACanProMet_Neutrophils","CBSX_CCLE.TIL10_Neutrophils","CBSX_TIL10_Neutrophils","Neutrophils_Subgroup.1.Iteration.1","Neutrophils_Subgroup.2.Iteration.1","Neutrophils_Subgroup.3.Iteration.1","DeconRNASeq_BPRNACan3DProMet_NK.cells","DeconRNASeq_CBSX.Melanoma.scRNAseq_NK.cells","DeconRNASeq_CBSX.NSCLC.PBMCs.scRNAseq_NK.cells","DeconRNASeq_CCLE.TIL10_NK.cells","DeconRNASeq_TIL10_NK.cells","DWLS_CBSX.NSCLC.PBMCs.scRNAseq_NK.cells","CBSX_CBSX.NSCLC.PBMCs.scRNAseq_NK.cells","CBSX_TIL10_NK.cells","NK.activated_Subgroup.1.Iteration.1","DeconRNASeq_LM22_NK.resting","Epidish_LM22_NK.resting","NK.resting_Subgroup.1.Iteration.1","DeconRNASeq_CBSX.NSCLC.PBMCs.scRNAseq_NKT.cells","Epidish_CBSX.NSCLC.PBMCs.scRNAseq_NKT.cells","DWLS_CBSX.NSCLC.PBMCs.scRNAseq_NKT.cells","CBSX_CBSX.NSCLC.PBMCs.scRNAseq_NKT.cells","DeconRNASeq_CBSX.Melanoma.scRNAseq_CD4.cells","DeconRNASeq_CBSX.NSCLC.PBMCs.scRNAseq_CD4.cells","Epidish_CCLE.TIL10_CD4.cells","DWLS_BPRNACanProMet_CD4.cells","DWLS_CBSX.NSCLC.PBMCs.scRNAseq_CD4.cells","CBSX_CBSX.NSCLC.PBMCs.scRNAseq_CD4.cells","CBSX_CCLE.TIL10_CD4.cells","CD4.cells_Subgroup.1.Iteration.1","DeconRNASeq_LM22_T.cells.CD4.memory.activated","CD4.memory.activated_Subgroup.1.Iteration.1","DeconRNASeq_LM22_T.cells.CD4.memory.resting","CD4.memory.resting_Subgroup.1.Iteration.1","DeconRNASeq_LM22_CD4.naive","CD4.naive_Subgroup.1.Iteration.1","DeconRNASeq_BPRNACan_CD8.cells","DeconRNASeq_CBSX.HNSCC.scRNAseq_CD8.cells","DeconRNASeq_TIL10_CD8.cells","DWLS_CBSX.NSCLC.PBMCs.scRNAseq_CD8.cells","CBSX_CBSX.NSCLC.PBMCs.scRNAseq_CD8.cells","CBSX_LM22_CD8.cells","CBSX_TIL10_CD8.cells","CD8.cells_Subgroup.1.Iteration.1","DeconRNASeq_CCLE.TIL10_T.cells.regulatory","DeconRNASeq_LM22_T.cells.regulatory","CBSX_TIL10_T.cells.regulatory","T.cells.regulatory_Subgroup.1.Iteration.3","DeconRNASeq_LM22_T.cells.helper","T.cells.helper_Subgroup.1.Iteration.1","T.cells.gamma.delta_Subgroup.1.Iteration.1","DeconRNASeq_CBSX.HNSCC.scRNAseq_Dendritic.cells","CBSX_CBSX.HNSCC.scRNAseq_Dendritic.cells","CBSX_CCLE.TIL10_Dendritic.cells","CBSX_TIL10_Dendritic.cells","Dendritic.cells_Subgroup.1.Iteration.1","DeconRNASeq_LM22_Dendritic.activated.cells","Dendritic.activated.cells_Subgroup.1.Iteration.1","DeconRNASeq_LM22_Dendritic.resting.cells","Dendritic.resting.cells_Subgroup.1.Iteration.1","DeconRNASeq_BPRNACanProMet_Cancer","DWLS_BPRNACanProMet_Cancer","DeconRNASeq_CBSX.Melanoma.scRNAseq_Cancer","Cancer_Subgroup.1.Iteration.1","Cancer_Subgroup.2.Iteration.1","Cancer_Subgroup.3.Iteration.1","DeconRNASeq_CBSX.Melanoma.scRNAseq_Endothelial","CBSX_CBSX.HNSCC.scRNAseq_Endothelial","Endothelial_Subgroup.2.Iteration.1","Endothelial_Subgroup.1.Iteration.2","DeconRNASeq_LM22_Eosinophils","DeconRNASeq_LM22_Plasma.cells","CBSX_LM22_Plasma.cells","Plasma_Subgroup.1.Iteration.1","DeconRNASeq_CBSX.HNSCC.scRNAseq_Myocytes","DeconRNASeq_CBSX.HNSCC.scRNAseq_Mast.cells","Mast.activated.cells_Subgroup.1.Iteration.1","DeconRNASeq_LM22_Mast.resting.cells","Epidish_LM22_Mast.resting.cells","Mast.resting.cells_Subgroup.1.Iteration.1","DeconRNASeq_CBSX.Melanoma.scRNAseq_CAF","CBSX_CBSX.Melanoma.scRNAseq_CAF","CAF_Subgroup.1.Iteration.1"
"SAM7f0d9cc7f001",0.35740033594758,0.095895225553046,0.927060057633706,0.102195987390984,0.109071621382427,0.0727890053923619,0.222007985876902,0.0501943978738944,0.109216974670721,0.0905425669778718,0.0212009865371336,0.072098874420348,0.0184709826531942,0.0545062608327573,0.0242619666770981,0.129334941383852,0,0.35023591940278,0,0.291875753566466,0.04255419434694,0.0283086442291309,0.311006047211344,0.16526787734188,0.0396998452644633,0.168690982377401,0.0258256075940982,0.0931354426210409,0.131014893161598,0.0621896953314905,0.0732533219959394,0.0391003137681792,0.0462946848709432,0.0182933615146147,0.0131330672140903,0.0286990070384877,0.0168216802273735,0.0769386137540035,0.169414024796185,0.151144648239816,0.0336521421249492,0.257963061849176,0.120071804630594,0.0764617726478583,0.16985151481346,0.0603905292524195,0.0814650311998236,0,0,0,0,0,0.0287048443153942,0.032574774316112,0.133218343104666,0.0617705783975423,0,0.00790778688200211,0.0716183602751456,0.0562177641027085,0,0.0561206202864635,0,0.202604143927827,0.00089879543360074,0.180516996713827,0.00363888531183197,0.04970866664242,0.199015620057321,0.355957589753671,0.141231906026341,0.0774266945073139,0.0820923242381229,0.0796038918679843,0.06136648021883,0.0554408561008696,0,0.00247225607175879,0,0,0.0743265941358379,0,0.296765917264009,0.14306998793524,0,0.0257797309036399,0,0.0309884203991864,0.00388838713134767,0,0,0,0.142919238017568,0.0475800907603967,0,0,0.337292673001679,0.809134081011728,0.104482697796008,0.929964281185506,0.501930674015952,0.056079933328255,0.124741908854629,0.0582820439692918,0.0232426891935276,0.056865496256107,0.012325952857128,0,0,0,0.116421661646962,0.11366510243842,0.0154289939625431,0.120253980369884,0.00880365437144072,0.0224985962193811,0.436257467895441,0.644184075917855,0.497774228634023
"SAM4305ab968b90",0.394925885746541,0.116438744186661,0.733556285544424,0.10942856205697,0.116097437025124,0.00479618328523687,0.0814978628260184,0.0728719257488646,0,0.130162510018879,0,0.131310138333218,0,0.0783202290383054,0,0.137250925992701,0,0.0254897932684385,0.035700991541387,0,0.0235417119395243,0.0833403478735055,0.295874233438302,0.157468354377312,0.00877760169202307,0.0455231014502534,0,0.0918613043510105,0.0177358432281171,0.162770038435464,0.289488667984982,0,0.0717458148794142,0.000443120661545645,0.19794675271262,0.0291803945324971,0,0.0115691084815009,0.467736351782018,0.112244793743804,0.0168511137580575,0.687645311573268,0.120368720850363,0.101895308086843,0.167086397380556,0.0695860101823586,0.113596393113826,0,0,0.111356364179319,0.0127086688580396,0.0679623530516183,0.00425592540362998,0.070092049730412,0.141077171359088,0.205964508661913,0.014318571389231,0.0898187547594495,0.0789004789593247,0.0289165540592675,0,0.0238232551237638,0,0,0,0,0.022400879059637,0,0,0.353831897342207,0.0195115248996022,0.0632257526977325,0.0634349845787605,0.101685279946945,0.0828488006940766,0,0,0.0453167506321,0,0,0.135396434190807,0.0196549922820334,0.0194177974430421,0.00697998718008954,0.0838994965224856,0,0,0.0618473165835308,0.0182806849014906,0.00345097223015593,0,0.136639451068751,0.0348468137127501,0.0319235497520056,0.0503205423533335,0,0.353726992775377,0.946977162684856,0.171929432265253,0.988412011080854,0.908830034794488,0.334542514747992,0.1847181930772,0.27001371545327,0,0.0351998434203103,0.0427061168253744,0.14134689513725,0.015268182481047,0.0192120503304383,0.11759367377833,0.122429793922689,0,0.129081981359591,0,0.183686318991815,0.21595533340584,0.852870114289281,0.193435567756736
"SAMcf018fee2acd",0.388100981920033,0.101757865957114,0.864209696765557,0.103561323655729,0.104200195824619,0.0185325150956638,0.0825550806594465,0.025235539477341,0.0153724746417537,0.137029058500874,0.0554479155472955,0.211672836620613,0.0176429522140612,0.136146936367288,0,0.12699817506154,0,0.280100459801933,0.0162869691029316,0.112591737451937,0.0987076719983699,0.0845115071323126,0.0863524603997609,0.394722851855979,0.12019359399161,0.105532393558266,0.0274645286848042,0.095113722649812,0.14740844752299,0.156751153532248,0.314219526107418,0.40739455945732,0.0479113163839711,0.0335427060357723,0.0959793834270509,0.0347695578013498,0.00647189384929495,0.0451588210408147,0.306580514798079,0.139694365713089,0.0069647628769874,0.112373813470136,0.116439969256628,0.0879714222070468,0.173264766006735,0.0450806090162809,0.0681555969429532,0,0,0,0.0175604788175318,0,0,0.00180502972936727,0.113418088466504,0.100817277213028,0,0.0537357875342455,0.0756760666220619,0.0269212093284918,0,0.0228832611734713,0,0.0784035069744662,0,0.124776447663082,0.0311230982502924,0.0110844809883619,0.130480231468331,0.480854138322039,0.0878903272560993,0,0.0766107796838894,0.0636697226532067,0.0634373647745317,0.016200670130093,0,0.0227771084552387,0.00541482926415689,0,0.0809314355229423,0,0.155660998820142,0.0259251268595008,0,0.00462579676599649,0,0.0309084419899915,0,0,0,0,0.159240292050104,0.0676575847793726,0.0413273354575229,0,0.346270836992134,0.89885512408332,0.151274074493997,0.957586281450767,0.459552361861042,0.0853527544116694,0.167299726954683,0.0600652707786149,0.0543959527087165,0.064056535537327,0.0101255374283347,0.0809785461583374,0,0,0.0965680290019321,0.108992002923708,0.0051113187919627,0.0907186563829767,0.0243759303041515,0.0138282619731363,0.278991785264223,0.603689177861272,0.402414999907871
"SAMcc4675f394a1",0.32503391610723,0.0904847992268647,0.740315797287248,0.0491810284066839,0.134849738235395,0.0063041098454476,0.111963806065919,0,0,0.0952663863834282,0.0507882837163123,0.0909077899161458,0.0166312034260582,0.151449158604452,0.00584982577039157,0.117467782544438,0.00318272312000733,0.341521843781894,0.0208124356872327,0.306076055413161,0.033669047278949,0.016495985232827,0.0871627425473357,0,0.0144092585899637,0.0839319417421802,0.081372075625785,0.0869426393222739,0.0394084569557227,0.0641397247317119,0.0590536149965274,0,0.162881851906624,0.0242484158778829,0.128021629702641,0.109427120360812,0,0.224168397000917,0.146515862470851,0.111734718098484,0.00312350312815136,0.56210508768839,0.0803756302083609,0.090192465179796,0.19621097756142,0.0870226986668066,0.106016002559116,0,0,0.0138383612660818,0,0.0260583123079813,0.0281608324192331,0.0660779357425898,0.136263207159382,0.163707619196733,0,0,0.0717372607936016,0.0472016292007869,0.039833135712129,0,0,0,0.0243766782945352,0.0300380620930275,0.0328881485969315,0.00191454058331805,0.0366796500448594,0.35051251019445,0.120801596161265,0.110382148937265,0.0331222727361883,0.0925254085910553,0.0910480190137258,0.118790173045701,0.201898164928244,0,0.0134447829539724,0,0.0923465802390058,0,0.0957046331923795,0.000397423919570642,0,0,0,0.0435898554476078,0,0,0,0,0.0721665703687022,0,0.0547225977362753,0.00313042536602106,0.391773684079609,0.976297555795001,0.128880947497565,0.987056722679092,0.558272486323031,0.0768862984581564,0.207070962464267,0.0174506475520493,0.0512101064893592,0.0277066893143449,0,0.080279832561661,0.00745906745328286,0.00840804828735698,0.129708828793433,0.130209623304322,0,0.11095914881676,0.00189308818591758,0.00968940570571575,0.316367178454477,0.820956444938979,0.52484783415904
"SAM49f9b2e57aa5",0.359232930915569,0.14838878149184,0.829027803853683,0.0949015546400843,0.131967738011945,0.0339295620874768,0.190816585866111,0.17770542241726,0.0144903959951465,0.0767983582158608,0.0247656249391676,0.11259995400297,0.0160816737732188,0.0812692310667043,0,0.116278313279396,0,0.0555748605307663,0.0283870096395996,0,0.0129239993810651,0.0689232067193347,0.0233372683175984,0.00142605970935079,0.0398416228618213,0.43019250575469,0,0.0839929782365415,0.00517481351237744,0.0466715121420241,0,0.232192688585357,0.0581581800603161,0.00951118425680882,0.0883998383145175,0.017206970137775,0.000525267362037322,0.0384624566540878,0.334774949120964,0.12516717354946,0.0221595684071044,0.39931246548748,0.102937683808371,0.0940903816851959,0.168983751444026,0.0727863168725695,0.101468117164194,0,0,0,0.0022809552029092,0.00481537644678548,0.0370733548852485,0.0126548630012357,0.149680350737288,0.186930827676091,0,0,0.0736913064825591,0.0398301910297881,0,0.0204001844020378,0,0,0.00111995874267702,0.112410551098768,0.0453196775030689,0.0335006693972413,0,0.248767780953478,0.159060237808931,0.294085452927989,0.0727614729009037,0.0529251367491715,0.0879339592226318,0,0.127981477091033,0,0,0,0.137456096865573,0,0.235032545124346,0.00620424412554018,0.0625677278612559,0,0,0.0375578956663482,0,0.0286505766732397,0,0.000982006520111605,0.0253745714573512,0,0.0421317483728143,0.019955412918298,0.418930671226358,0.927361048637643,0.157573991370434,0.97209835723654,0.853082847417641,0.149640698240493,0.163943120412138,0,0.00334239331426848,0.0267563793853691,0.00906549881534951,0.0697054429605355,0.024239222753359,0,0.0976262323994627,0.10897705688249,0,0.10307725665591,0,0.0279533982424491,0.285514060341971,0.667483934504015,0.377428292905557
"SAM2e7aa8fa0ab3",0.384279833041914,0.215358762750667,0.714970878007846,0.0923826086110804,0.114190161802324,0.00533181542605483,0.144242390943812,0.032394940106522,0,0.0491892299236812,0.0216509309334681,0.0811122311922787,0,0.0943915704598351,0,0.132360785433712,0,0.111990822236248,0.0620262478111637,0.462203831551277,0.0178134783985179,0.062405854189318,0.111160814792873,0.0185815155367191,0.0550737675733493,0.241805978236663,0.00487107114862645,0.088149446188539,0.0196099917576029,0.0596479643217303,0,0,0.0826096295932445,0.0135964132660561,0.0762294943124507,0.0339202540924319,0.00311024989532781,0.0626686319146126,0.117324708767855,0.308720744956574,0.007384196168756,0.379312396986824,0.114645574551013,0.0823810440308552,0.160983371256747,0.06259406458286,0.0975729847547728,0.11880604775352,0.0283454296261596,0.0242111359937846,0.0771094388443946,0.0271793156508845,0,0,0.142469452022433,0.054308218529073,0,0,0.0523741749551207,0.0117921297288449,0.0253160921938345,0.0144304653467422,0,0,0,0.0611946584613424,0.0420389726860034,0,0.0423873876448682,0.441797443117625,0.0620111449575744,0.0653325416654115,0.069408446110045,0.0785502672056218,0.0825994667146385,0.0503201087263405,0.330273472636222,0,0.0132484985257654,0,0.0634976523323272,0.0309371118437662,0.12162845171458,0.0196797505829879,0.0177286117485157,0,0,0.0355708752731783,0,0.0844147372152559,0.309753599071875,0,0.0621555822626102,0.00819489351992445,0.0474290129461359,0,0.379614554998378,0.954677979492934,0.106190131074577,0.987167285108495,0.626441021275756,0.110849638417049,0.116861745359394,0,0,0.0129182630625497,0.0508810638607204,0.0944001053057131,0.0149916128424021,0.0295357316449636,0.109321171462994,0.115309611182315,0.0113188213545597,0.102313989572736,0,0,0.434662078303378,0.848556376915902,0.369576442513241
"SAMdf3e42c8672a",0.35783496006469,0.116839787119237,0.350165260156247,0.0916994813779247,0.0891524034983541,0.0108010435465684,0.0764740254712451,0.0331465263191201,0,0.035932220029213,0.0140842315853131,0.0822369865191437,0,0.161976896631195,0.0133484846595088,0.137993719943502,0.0303032752869471,0.118573922762992,0.0549981311239464,0.376163763553374,0.0107701921218855,0.02695803355641,0,0,0.00062084239584684,0,0.00684730042794193,0.122597910730259,0.0007592011674483,0.0601679135291694,0.512125230271312,0.200812962232543,0.0166657976919256,0.00584572164620224,0.506694537591416,0.0288243557085157,0.00938374028400824,0.00617844672810313,0.0875665484058138,0.0993626378095109,0.00695641255227305,0.0958512958708472,0.117275464084816,0.0858961743582097,0.134472874631552,0.0579309156520547,0.0576760956222368,0,0,0,0.0281285587735441,0,0.0345709399463531,0.0316571185507586,0.146930213009916,0.136666363823455,0.0331256755640335,0.115699143979006,0.0510984442797454,0.0304803160362606,0.0102805130265199,0.0202130679574781,0.0296326868779366,0.256066051266058,0,0.0331659357516305,0.0971683625094812,0.0860396317282773,0.106581351832732,0.320882855231484,0.0981147853333763,0,0.0839695230966544,0.0572584057474047,0.0662634260409124,0.0037912295611445,0,0,0,0,0.0663586005814465,0,0.0903885267631568,0.0289596521359862,8.0504769649957e-05,0.019658781837622,0,0.0202030132171587,0,0,0,0,0.0810592730721599,0.0257387435074896,0.085420140459788,0,0.369978257587851,0.840755363637422,0.103692283905616,0.96660462811088,0.876782521577077,0.716925190048002,0.1146684585486,0,0,0.00350232142004045,0,0.0785912998204912,0.00381637510139149,0.00404913110738532,0.0774292135146265,0.079192443275808,0.112791844816336,0,0,0,0.437128612636526,0.828301484898379,0.0486250664578294
"SAMd027124354ce",0.332835230965786,0.0938060780109604,0.435442897954565,0.0578074766853927,0.115879687818328,0.00469207817787552,0.00153754675322659,0.0397530188042897,0,0.0754624924754246,0.0445509990459383,0.0558008294674069,0,0.567196627575866,0,0.14698260599906,0.157887029270043,0.0771650757999133,0.0359744004708942,0.111477799403416,0.00826549577054079,0.0526070338265307,0.280511627641399,0.394962500970788,0.0284969762312403,0,0.0282178075268735,0.128651663815621,0.0274298789103648,0.124639520975468,0.629229009752941,0.037410243890857,0,0.00192608540026989,0.427683537144986,0,0.00221691153805186,0,0.299054777631788,0.202401034948968,0,0.147861170680746,0.0750891941056257,0.0731822054972068,0.190540193095424,0.0702593758133458,0.116097557208009,0.0513694811489109,0.0974791113299623,0,0.0131271112143437,0.00774876940609445,0,0,0.127177485342995,0.0346543506252795,0,0,0.0565773899164815,0.0244379449859932,0.0440239062271646,0.0171628722178821,0,0,0.0422117406632433,0,0,0,0,0.0562522508049199,0,0,0.0535426650343851,0.0960832280650679,0.0991570210600141,0.00723004638392689,0.216627251641095,0,0.00822978320723257,0,0.0633565793698716,0,0,0.000137208500486394,0.225105629698025,0.093720421799172,0.0416814392645282,0.0480290792331936,0.00549793549126318,0,0,0,0,0,0,0,0.458110746597182,0.711482905334389,0.0951086074309459,0.956155541248981,0.889346794039944,0.278726202465988,0.108267965472227,0.00303083154407475,0,0.0138726781985212,0,0.0829590871771812,0.00600959793311623,0.00709959952046548,0.122121336231363,0.127603915447334,0.040591721883934,0.0224538516929357,0,0,0.483975560972655,0.944199170532593,0.383932550877216
"SAMe7bf6c015192",0.405214413925996,0.134030445227199,0.825125878383638,0.0922474261354315,0.101363548942858,0.0260705072613878,0.13337263519129,0,0.046137808354152,0.0994941491897668,0.0796586865995357,0.158979362595976,0,0.0246454155653945,0.0188676983018642,0.131038304410542,0,0.30776674699717,0.0393849700270864,0.502053285105161,0.0287818524980469,0,0.0879394144210729,0.0603769774878166,0.0922502793736471,0.066902708991941,0.115081168969029,0.0848562459621462,0.0337036271491551,0.088746461112663,0.145836804438339,0.076484867740851,0.0585981060673941,0.0295026913214442,0,0.0239116524201652,0.0112332165785868,0.0500285475237629,0.0798672052970859,0.11081870621616,0.0122289227007443,0.157423864538946,0.110665783999039,0.088822502871719,0.159808967206099,0.0607590104421982,0.0860394347174975,0,0,0,0.100930139711733,0.0256631458880961,0,0,0.110701203599355,0.0705919558887509,0.101609084570452,0.0771690229675459,0.0691160386174323,0.00440498706657864,0,0.00168849573071058,0.0516012204109983,0.128360843607787,0,0.148934430025204,0.0709220450559647,0.0304813183235029,0.161975944324122,0.457768460727018,0.0622020313919753,0.00787407903697215,0.0821346616969529,0.0540540678846968,0.0661850243497999,0,0,0,0,0.0161089845916375,0.0747592616941253,0,0.205339996167473,0.113137694789393,0,0.0088472001288612,0,0.0160506000442634,0,0.0608885286470131,0,0.00365628093017114,0.121437487155737,0.0580107087894878,0.0720764501543063,0.015553197436611,0.376514226930666,0.891993910448908,0.121280172673603,0.948740218446663,0.61839157198483,0.341978944606965,0.141515836525957,0,0.00297555805571631,0.00726539828141142,0,0.0237686212925547,0.0125302966531622,0,0.0696975845949723,0.0816902927051948,0.00451416279929231,0.0646596836328229,0.0139527781389955,0.0102537150229356,0.345740854894323,0.62180616065889,0.272525971852829
"SAM6dd7ad1d797d",0.401409283916917,0.115227923147713,0.882883980240427,0.0523700058398559,0.0874699037721531,0.0079243209633381,0.0297567102581766,0.0590470561436055,0,0.0602142194362942,0.167583343926191,0.130157227057243,0,0.107437840121994,0.0484796927837777,0.11381300197028,0.0318558783664356,0.292023690026308,0.0224930526081718,0.526756683762222,0.0269485342468054,0,0.205774674989039,0.189626119462288,0.0268335830472854,0.214191429371144,0.0674078481965772,0.074392534590029,0.0712676681796208,0.215506223815424,0.0163446051920267,0,0.008865839807585,0.053951226083904,0.0969382909553488,0.0241142554636748,0.0538634566453055,0.0776282179013797,0.14867240197921,0.150857418963071,0.0548379078919177,0.205270208120752,0.0859360489508809,0.0629487924416928,0.183766493359027,0.0560716130063741,0.0641392590223622,0,0,0,0.0540411634186673,0,0,0,0.108805994030539,0.0460946014412558,0,0,0.0451654271719066,0.0260064234604869,0,0.0334190913613172,0,0,0.0581245361385941,0.0434940152613275,0,0.000424906096053725,0.0905512918301998,0.151635943211933,0.093523830002087,0.00369786377070327,0.0184029255053172,0.0839760885062404,0.055814163763214,0.0548678616228273,0.0738973480722703,0,0,0.00834935242160385,0.0676506782096195,0,0.0773440455921018,0.0553286256860995,0,0.0190261396946632,0,0.0362746441271364,0,0.00465799526948307,0,0,0.114521033261719,0.0357069805460361,0.165657590825375,0.0056640876719369,0.510392223018107,0.783220159298425,0.0709248675758877,0.940121695578322,0.630996305902924,0.215512394373824,0.0915128871034095,0,0.000165426726069267,0.0133877681569789,0,0.0264727631037225,0.0249801033177213,0.0144137580591548,0.10992658311175,0.115653968278808,0.217093065341583,0,0,0,0.541400315031924,0.759279353715626,0.34487648942707
"SAM18039827e1b9",0.320749787263141,0.103651261716275,0.504438179906124,0.0931478079506372,0.100555461192433,0.00564597382780465,0.100544173122975,0.044703141674864,0,0.107154797637781,0.0370620834554711,0.0897519453118319,0.000790272163488315,0.0769303273326005,0,0.129184162086348,0,0.0266773999651347,0.0255260960191304,0.0064002899813921,0.0434830031019411,0.0948297900267626,0.060719983376111,0.0293586548577415,0.0230495286376335,0.227702325123271,0,0.0876781256664345,0.026207494605899,0.0488187215515249,0,0.181548965375534,0.137147984416027,0.0185906017185451,0.519121782545956,0.03009965506702,0.00841452963579077,0.0234880284915416,0.178716836615674,0.143441434149027,0.0779215530194284,0.585787638627767,0.11048784460652,0.0971069436918446,0.175704604238384,0.0506137517313424,0.0882088413458458,0.0385630430896292,0.0505822798796101,0.0219656119372463,0.0073685513087037,0.053337439638799,0.02365384157195,0.0364659859340872,0.13845531892629,0.0376640976200367,0,0,0.0763677312565724,0.0390658446804547,0,0.0191132536364788,0,0,0,0.0615562795008457,0.0304655616437043,0,0,0.365431243943831,0.070892454835094,0.106726789321533,0.0639486606665308,0.0646730940825706,0.0887334885116564,0.00031749907171415,0.00220404355702623,0,0,0,0.0828104116323996,0.017198596955192,0.122607216017493,0.00710065768873099,0.0488082201787325,0,0,0.061220871259552,0.0712794480982741,0.0111705899473606,0.384504948228634,0.0752458210767103,0.0535210918678302,0.0190077700603626,0.0531069154625976,0,0.39080221681839,0.944090666384909,0.169458476535525,0.978075689391243,0.848227709444007,0.116746401921852,0.177896768546202,0.131944557282313,0,0.106747175198726,0.0284749169920954,0.117499726698211,4.450298431235e-05,0.0186190535913809,0.104977597356145,0.121351587385732,0.031997890751742,0.127174530012266,0,0,0.268364020615799,0.801867276388459,0.383756775534837
"SAMc692536a795a",0.375619588905283,0.0995499893312394,0.936427178925671,0.0850102049936843,0.108536055549869,0.0368169934639066,0.201090091966034,0.122512304690822,0.00984132494041709,0.0757573675416975,0.0263858204550276,0.0796620490215358,0.0545743060334912,0.104821393312896,0.00844651672944256,0.0889043725457517,0.00709248069633063,0.32193156631203,0.0927279282033227,0.408142727910477,0.0475628621053713,0.0185542705676412,0.342768341858855,0.23020971140823,0.098757417699408,0.00987028894178029,0.0644666264041829,0.0806213222990705,0.119580379297758,0.0574642986053005,0,0,0.0476486193488387,0.00958053384377041,0,0.0120285938214669,0.00072985570582458,0.0381939466064801,0.00071232337479247,0.0995473132808158,0,0.18172863629217,0.101578429908888,0.0648858590180269,0.162386590537434,0.0554821180946239,0.0838298486269817,0,0,0,0.0625568359854277,0,0,0,0.138770356933113,0.0635728210743287,0.00838652538249866,0.0740227293167426,0.0551651860610929,0.0155703399813074,0,0.0208605846028858,0,0.164397148383745,0,0.080174800358741,0.058280250778612,0.0225552931157167,0.0689232762846559,0.278544000698955,0.0415455086948017,0.106135024579009,0.0568921718575248,0.085177987037274,0.0735939050326513,0.033290992939109,0,0,0,0.0040786224984697,0.0789811991804706,0.0223659118467662,0.416238070074467,0.105322560882188,0.0613026876694992,0.0262738012115766,0,0.034406070168444,0,0.0152273295250862,0.165036589698484,0,0.0737146245157543,0.0237171506822893,0.0361445949598204,0.000317299663857433,0.415103258095881,0.899503943110008,0.0900595377819249,0.950720447674833,0.616483439277614,0.0665610218373025,0.102135526789027,0.0221760871896646,0.00283616664001578,0.0198998419182787,0,0.0176027192361746,0,0,0.124075193731548,0.117546735195528,0.0116973946090617,0.0717810739209126,0.0170667372881162,0.0135115785010647,0.501370887401305,0.798083061130514,0.528494105631381
"SAM9a2cf3c06fb3",0.346525815742798,0.0880545673182997,0.755512253090578,0.0823587671308467,0.0884158139186344,0.0155956521991566,0.0867354302123254,0.0368199997894239,0,0.0897172008837361,0.0610430959600978,0.0705268066925594,0.0612845084762153,0.0304946704788561,0.0248582690252964,0.0838677146987099,0,0.239124073745265,0.025991131346743,0.108829561494199,0.109682158102429,0.091212189499758,0.30425727619024,0.0758000267871707,0.0352939720538594,0.0233715543439648,0.116322040528158,0.080264653774118,0.0548838821222719,0.0775869270724716,0.66389947660685,0.11120063797737,0.102907671687487,0.039720260322409,0.0866172274282772,0.0204851237663643,0.00575343343784956,0.064087984793475,0.163575287063548,0.136567590381011,0.019069437067166,0.445589418927068,0.102954677826291,0.0745423894529156,0.190565567483314,0.0495677652971127,0.0690287127796384,0.00633002985827151,0,0,0.0553234989985195,0,0,0,0.112394835958855,0.0179647817875731,0,0.0921677232962896,0.0606089691558031,0.0358440171315094,0,0.0723659541932394,0,0.216345132882771,0.0452457259732721,0.0840023995192404,0.046240093695795,0.019069594514676,0.134027270808351,0.375848028113903,0.0252888074606028,0.00897349342362447,0.0591897857730544,0.0805708840405304,0.0598868686644904,0.0994426843800764,0,0,0.00372502336981031,0.00253783798802735,0.0842665721826515,0.0418629201576075,0.0697454442448175,0.00658201380386773,0,0,0,0.0240483983686089,0,0,0,0,0.114094563561418,0.0802528233301408,0.0230898140840411,0,0.414548046643905,0.836450285352699,0.104000363185476,0.94175949502615,0.62726789652427,0.051888670470044,0.130216158651284,0.174283742779284,0.0346981400654397,0.137077947416063,0.0282502002294937,0.0784777624179526,0,0.000518082745167295,0.0969099382727337,0.111408612314739,0.0971253435272294,0.111866853784204,0,0,0.452860351352484,0.761311102416917,0.457134874476784
"SAM557dde1b9f3e",0.405877125772882,0.168822757401591,0.896768766819571,0.0914951307940023,0.108015051320479,0.0526588137886393,0.0987793103890867,0,0.0320415836608952,0.0497067592937902,0.0214229774183415,0.0634073153144456,0.0153506961062008,0.0726672745135388,0.00651339670169199,0.114488714503651,0,0.312847330343549,0.0176232913815782,0.202172428843586,0.0431731476165631,0.0137381368888903,0.0664945560107297,0,0.0817625528150825,0.173746726555968,0.031167781132136,0.0843064055387545,0.0703813876596731,0.067245834893647,0,0.26682486086081,0.0490620326480182,0.0275197798032054,0.0335004890531201,0.0187987353683813,0.0014378974657392,0.0424919998764619,0.0584467128217077,0.0888539225713052,0,0.0269618216137048,0.10761820401129,0.0819434943169811,0.16621594069428,0.0645820869034879,0.0897516489815549,0,0,0,0.00115386331065105,0,0,0.0009112192808232,0.127026532795575,0.0870172679676809,0,0.108387180185196,0.053645327733423,0.0160629779790143,0,0.0300867978959779,0,0.0752755732513074,0,0.0467256195702659,0.0739753921539274,0.0791773607934182,0.143795283290148,0.508750102425429,0.0464334855424772,0,0.0680464645733388,0.0658341201616516,0.0726521521066484,0.0463313191818359,0,0.00977297805926117,0.00467911133669951,0,0.0879568407412425,0,0.288938230928371,0.237848736163632,0.0107330851043436,0,0,0.0191661179527111,0,0,0.198770217982955,0.00403836460197142,0.118560410901245,0.0860510566677084,0.0370167549474113,0.0106671626375022,0.39241364723656,0.917198572517232,0.110091661475224,0.957071234553834,0.579351590285703,0.0792531507686006,0.130646428620559,0.0502644367983633,0.00980947911288341,0.0489864851368557,0.0354174706339903,0.0949542738133222,0.0532604157519258,0.0270337514195102,0.110373385187293,0.0945384842707463,0.0161816368129826,0.121343730517314,0.0433090455144974,0.0464691651244282,0.405143571158432,0.815785719114143,0.497620713167544
"SAM23aa15d4a0b0",0.37541284735123,0.17825670802762,0.834258679793566,0.0992426728061979,0.121298456141295,0.0468249531588773,0.15279755060069,0.144942437603175,0,0.0499277943145328,0.0489268591833478,0.103884546827592,0.00219841949094783,0.060155499454037,0.0028345745009725,0.125374680730446,0,0.110220418378576,0.0188886477507259,0.301944062180578,0.0391328795880232,0.0825250901193333,0.225066363016033,0.176262407494947,0.030958533469893,0.105665026105824,0.0375763291887208,0.0858471163642345,0.0305246213639078,0.123120744321981,0.115769435401958,0,0.0781129076156825,0.0180631501891997,0.180470098254073,0.0166227419726353,0.00182649899691519,0.0157119490639034,0.09441784036744,0.1259274276481,0.013940300759805,0.410594358428823,0.109312337699644,0.0845453774767717,0.181162425193341,0.0731420756703368,0.089342602689733,0,0,0.0199561374762818,0,0.0204276439454358,0.0504572642876979,0.0543245925705199,0.12554329359995,0.0911704508783419,0,0.0532189089035646,0.0515904633552408,0.030346944733465,0,0.0176508067500443,0,0,0,0.0430974298286319,0.0207357719815241,0.0614936060053994,0.0433431476815746,0.383228882677339,0.134883134875323,0.0579381109900497,0.0740700628257619,0.0681682940495197,0.07163002871635,0.00616923879562537,0,0,0,0,0.0912263920543141,0,0.359237076318364,0.0761712193464262,0.0201501461337989,0,0,0.0315746462954683,0,0.0107355244084002,0,0,0.0697715167683853,0.0258333198038593,0.0437316033927737,0.00170778534694094,0.395685520909,0.908325663520645,0.121282744366666,0.958602832290639,0.850471203053839,0.0846714260649745,0.132084459088036,0,0.00078343340451468,0.0136544951288031,0.0191285760595193,0.0937500877389298,0.0649968106096862,0.0479883734120376,0.0944824539285516,0.105265874899999,0.0294827497294388,0.0549234451995221,0.00624253440634761,0.0145661854945555,0.382312453371133,0.76689531862735,0.458044000790061
"SAM468a9e1dc821",0.147386682786663,0.0948941760505117,0,0.0713098174824029,0.0815363283573655,0.00650869809508992,0.131459036400111,0.0319259869974024,0,0.088913237920338,0.0445840938511886,0.0727427719051873,0.00218749707705888,0.205900426011324,0.00242599322611244,0.105509239983893,0.016889718231245,0.0258134850761262,0.0250885931225906,0.0941875752370484,0.0149353335362295,0,0.0216204449273898,0,0,0,0,0.351109693566345,0.006848790769334,0.0605275742863565,0.824728090070815,0.271936791686999,0.0080713782785215,0.00197755549920125,0.820928987895094,0.0234067581405381,0.0168056401002185,0.0708407986830406,0.118522241670532,0.055369109613743,0.241030551263919,0.444463909608674,0.0932575714017074,0.0884364930281548,0.121873153335288,0.0536591656441259,0.0712532656327021,0,0,0.0133740058527671,0.00167156767230178,0.0281744496221559,0.025253209474887,0.0177336709665943,0.0295181229893718,0.0885532225427684,0.0123749690965982,0.0949447772973782,0.0714493074037964,0.0469890960018908,0,0,0,0.0323526327985987,0,0.0364961365684202,0.00615435494140663,0,0,0.158050137800683,0.0135505817759395,0.0253930397356592,0.0612239014283351,0.0899444633880676,0.0542210298454554,0,0,0,0.00137606511447134,0,0.0606664593168513,0.0164041391018064,0.0239513356314603,0.00956998866319676,0.0876991053196901,0.0125285488202388,0,0.0485025546658413,0,0,0,0.00551438187235173,0.0580127314975851,0.0577921288729872,0.0975057643326498,0.00446666117797412,0.381652443787492,0.522316483493675,0.118225251958386,0.957636644494575,0.607044229679647,0.487810866467774,0.133615696520223,0,0,0.0147897934178259,0.0102523968560601,0.0723302487849265,0.00584969514861774,0.0109158902332342,0.121532430395261,0.125335512126393,0.0299950189374315,0.0934931479083577,0,0,0.40446583711859,0.857915659713995,0.1519051672349
"SAM81b71522417a",0.318815467745193,0.106850141543289,0.0696742392280597,0.107085399280385,0.101688252531169,0.00414742594679283,0.100656076424313,0,0,0.0996098281174304,0,0.0732581066021832,0.00223772083060751,0.0567604664980115,0,0.145884968395773,0,0,0.0366417226062372,0,0.00836810375697142,0.0350013833097016,0.0240347495427869,0,0.00173492905270951,0,0,0.102725232709182,0.00290600196070108,0.22023573782492,0.658132595932906,0.106604963409215,0.0289739561562739,0.00123382171249613,0.578399188781103,0.0372195268700713,0,0.0366991928609647,0.272582285891957,0.109120066182876,0.0487951082635537,0.673904972774541,0.127303508977234,0.0998179898250834,0.180857349124462,0.0640019792009013,0.0917699143951404,0,0,0,0,0.0554362713891397,0,0.000260992466476365,0.144424083623428,0.526076932243058,0.0788882358851826,0.193332464852409,0.0707996772111235,0.0505422468314691,0,0.0293510654115717,0,0.545210046565668,0,0,0.0262150088402727,0.0410022691265054,0,0.206639165050407,0.0424899571353882,0.283593525751152,0.0667065360243004,0.077093652404674,0.072619078119191,0,0,0.108385717375051,0.0423806050552134,0,0.0736922027000307,0.0216011407388741,0.026904513119924,0,0.0845115756248108,0,0.0473273627679923,0.0529677153484407,0.0135847030440329,0,0,0.0214699767126848,0.0392012740989642,0.04544437642648,0.0554231578717677,0,0.318296683306214,0.941758855305646,0.160754469958345,0.981606750302114,0.873038960345028,0.485959716921985,0.171594882192238,0,0,0.0192565239663715,0.0342773496207832,0.136991418965326,0,0.0220068471301943,0.11525258096747,0.118607076500186,0.00468031689703562,0.12320708123397,0.0049252440999151,0.0578761131512497,0.290573011152491,0.916797043575572,0.206157692841075
"SAMb963dda93cfd",0.34404863732155,0.0929811419875912,0.162872417821634,0.0562574056160983,0.0925341727277917,0.0101912674861037,0.135904667053148,0,0,0.0860215645818424,0.0354462908844959,0.135761815709977,0,0.196520108226218,0.0192488924080454,0.109291159219758,0.0211159793318423,0.133201357125226,0.027426725308676,0.229430751920958,0.0343903937642227,0.0425297866809267,0.0823425590607503,0,0.0317551648176649,0.0781879016198098,0.0459455877744084,0.072387588240261,0.0236812146303374,0.173721168837797,0.412732627280267,0.307405153190021,0.0617612246543211,0.0425314520211627,0.655989419605483,0.00327779017410554,0.00176949482332934,0.0110924849107204,0.100524540371614,0.0897512750414396,0.00795183308401201,0.122124400569446,0.0780557058510843,0.077319967589517,0.161360446682256,0.065590482798761,0.0775484380703761,0,0.022208531963809,0,0,0,0.0194511378401471,0,0.105663114978664,0.0879964726191962,0,0,0.0573776092298889,0.0251992305701618,0,0.0103926062722649,0,0,0,0.0271098508268204,0.0451917302962638,0.048904641460035,0.0791282934870043,0.356914491254908,0.104368338343736,0,0.0456715136346166,0.0932677049689354,0.066551750211105,0,0.106982234465572,0,0.0431426155192097,0,0.0674687372672089,0,0,0.0417130228432596,0,0.0185735338481892,0,0.0427788593150901,0,0,0,0,0.101618314623103,0.093259150094984,0.0294364890482984,0,0.524461663428452,0.92540023480436,0.0908567935152529,0.980469343194855,0.867102759972895,0.174261640783938,0.104936062777641,0.0348090844858962,0.000670569990718227,0.0142282254883464,0,0.0527910062434551,0.00846630200055411,0.00738780121627096,0.122522453026376,0.126890576874584,0.00337564833197687,0.104917398938188,0,0.00599309965848554,0.488833827424033,0.832046598936781,0.454973811321942
"SAMbcbc7957c264",0.337141194441752,0.100476257906721,0.649556309567129,0.098145814379189,0.134318754816697,0.00710887347900823,0.102470986231111,0,0,0.100627624048262,0,0.0937477754383626,0.00475450543532496,0.0686228565797885,0,0.143012800357501,0,0.0567793279940966,0.0279998653483042,0.0302358511626116,0.0250403621691454,0.0699203952325784,0.431489643358819,0.131123772157324,0.0322554035101986,0.146983695243257,0,0.0984727737191128,0.041830198801559,0.0564477123105723,0,0,0.0722758939829028,0.0108456358689553,0.291249245527832,0.0292789731694354,0,0.0155559457311411,0.0928477073187181,0.101707325320478,0.0117902684763229,0.602605730267729,0.126057032555224,0.0896543107279377,0.181134572825851,0.0703943826841297,0.0961417523074939,0,0.0327459125797055,0.0756950408139802,0,0.0472739449450726,0.0671169547895051,0.0949085028400165,0.14078068108253,0.294880048865112,0,0,0.077517104552085,0.050135358241621,0,0.00629726910859646,0,0,0,0.0716127277974725,0.037798295241504,0.0305501088934045,0,0.531755779762423,0.0441625541332169,0.0194927627512709,0.0701168464195178,0.0705304174398597,0.0788918790198881,0,0.190471257362986,0,0,0,0.115133666840258,0.0279474469331711,0.571309480517367,0.030664986099196,0.0879245454915248,0,0,0.0479790705530504,0.030519923866525,0,0.0734607373086644,0.0265996394525743,0.0581857010790083,0.0739410767351518,0.0448646706889449,0.0560979362691569,0.323978825166039,0.964028811681399,0.145053165485892,0.992290650946263,0.916073656688146,0.234126264331479,0.156224150162972,0.13395403561685,0,0.0296100302868078,0.0353508211515785,0.108734494346458,0,0.00422949752195162,0.100625603941693,0.115128263659151,0.0134626741451187,0.127358738089662,0,0.00999402558595188,0.330447387116131,0.773180090551369,0.352969989294187
"SAM7fb6987514a4",0.416342705467472,0.17795348482859,0.634620698007189,0.097188504937785,0.105887072906251,0.0892731612216965,0.0224010098813589,0.0642183309769162,0,0.0563900753196029,0.0546882515790898,0.116130285775216,0.00589275408285335,0.0443602768619116,0.0208700259772412,0.130997355967692,0.0386088009751359,0.35445971267805,0.0990681702576652,0.383416260138126,0.0443323317774618,0,0.210709787707637,0.149914215300658,0.0441891086016844,0.0973010287082699,0.034422051871598,0.0853586899579955,0.0787460065295217,0.0437827248128035,0,0,0.00522928999427903,0.0225311606811841,0.154938578561574,0.0176916741920974,0.00957246159583098,0.0539721972186814,0.0709710351478839,0.105446029095874,0.00656048185952085,0.170499249014194,0.11675935918801,0.0652607656267269,0.13017419960932,0.0609450182304523,0.0860635017814955,0,0,0.00821700571886041,0.0136543609516071,0,0,0,0.111441225425493,0.0167148644016129,0.0231332847846299,0.00604192994724344,0.0665303605861571,0.0392712262688251,0.0516666270332607,0.03745767542401,0.0185702189602146,0.264897668704846,0.0676107112492872,0.155295277673548,0.029761885542789,0.115823470176001,0.347596764700075,0.353819397105241,0.131346026737585,0.0417789815440319,0.100562329844991,0.0655059791986196,0.0788412732976869,0.0730313863971511,0.0515907755150972,0,0.0311906763502211,0.0692943759891746,0.0800258074199678,0,0.384398263027872,0.146122326633545,0,0.0296246070925192,0.0996916171134583,0.0104957176867028,0.0118110520564971,0.0321871982461576,0.0245057309087668,0.0182346619318174,0.225165943700593,0.0266162459438668,0,0.00057711197969704,0.353304721203105,0.715509556014246,0.0828132067564359,0.876909257953907,0.565243220855969,0.120901533154797,0.102212799398728,0.00860709272416874,0.00102291389873022,0.0126780231666469,0,0,0.011439060494707,0.00259765754041026,0.0838415618172101,0.0845720603105755,0.0510139045624479,0,0,0,0.448839307483759,0.538472473716644,0.417177090355829
"SAM63405b04ab2d",0.391357162332933,0.144322689651177,0.863532831579277,0.0419946913492267,0.0992555654527477,0.0126071976156573,0.0482949613727698,0.0764103221184482,0,0.0381077501798427,0.0913478772640086,0.0720938023651684,0.0702527376424273,0.135877143567895,0.000335870976439211,0.0583821437720767,0.0377727696621094,0.274961139065081,0.0842716995805411,0.321758160426859,0.0228751537758115,0.00424002422866593,0.275968804208003,0.385052238082892,0.137649088821992,0.228545463939137,0.0705457507382604,0.0683194198308555,0.133678524977332,0.119244161440589,0.297380305209411,0.00730322671745065,0.0299030988831763,0.0141200757450381,0.0185972136139013,0.00981021297114451,0.0048301626359418,0.0407582955557973,0.107516105484491,0.196864505243617,0.0080827304999188,0.275036774137575,0.078047962279384,0.0788391849656089,0.170123630199014,0.0552084838868378,0.0775585023486695,0,0.143691266745155,0.0351097369262557,0.0160359345282189,0,0,0.00662873505989602,0.136218861023709,0.0909244575705251,0,0,0.0527246203734412,0.0179978901789652,0.00440269813254294,0.017098618692949,0,0,0.00926231672191649,0.0393885095301098,0.0302092932269601,0.0311360653534587,0.133358049206365,0.347875029071748,0.114143945264198,0.0133036433012842,0.0394410290566917,0.0946278327361238,0.0708011242693568,0.0982493604612261,0.151614182400209,0.00162599416215296,0,0.0158158306242153,0.058755394746253,0,0.126920868566984,0.019141245230772,0,0,0,0.0445718753891242,0,0.146187386388119,0,0.00190337888033645,0.119237132603116,0.0654604609171038,0.0554036102980655,0.000720703815425515,0.524422720661833,0.904006963265704,0.0916251067934413,0.973322649385034,0.502905400380121,0.0780108184247944,0.099633169353136,0.038886483570182,0.00411833949550387,0.0297881650918157,0,0.069386588023435,0.0359709729676373,0.0174992708682589,0.126028575443003,0.127486459735833,0.0338159989518523,0.036470368647472,0,0,0.487452836343569,0.857464466107028,0.422240080403687
"SAM18bc1078bc15",0.387982888457836,0.183630768551393,0.632913392055303,0.103129061255686,0.144974398972056,0.0199442037069225,0.106147260692287,0.0835033758993966,0,0.0741622988113163,0.071274462988851,0.213517249765139,0,0.114578781594435,0.00671756334141246,0.144884695939712,0.00817261242424389,0.112797116703989,0.0458181992251376,0.219147792156687,0.0278282301119336,0.0595115379681137,0.299319870776624,0.301059556062015,0.0572131963534468,0.331468029703413,0.0860918049345635,0.0951405052246825,0.0568174785121232,0.159332594788509,0.107280391845858,0,0.0380162331578721,0.0237168504068187,0.225687803064518,0.0324485818375609,0,0.00686733602574347,0.190635762715558,0.10742614124355,0,0.209386080790264,0.125163379831859,0.0867537280149702,0.135410233455356,0.0772971539813576,0.105703596490499,0,0.0388781070666625,0,0.0579674706945223,0,0,0,0.161269361046934,0.0899260523498249,0,0,0.0606290516495469,0.0265601952092282,0,0.00185718654814464,0,0,0,0.0945306897286774,0.0505549489508913,0.0338487652385156,0.088676341095701,0.394289598923437,0.025521608901884,0,0.0906337471179461,0.0734466672616811,0.0922387651461092,0.104495324890725,0.202618465085043,0.00227320975943588,0,0.0091157634705005,0.0877480761426389,0,0.214051292433596,0.122564011394503,0.0683254758767059,0.0414536552143923,0,0.0336365048941086,0,0.00442041346009744,0,0,0.0634678221454195,0.0555486458137061,0.0637868805448586,0,0.333182193015298,0.932670816588066,0.122775823066727,0.968536323403641,0.907862744393378,0.19969664880458,0.131727481920309,0,0,0.0135277603061205,0.0190838837573271,0.0958393418156894,0.00246946691322308,0.00403599970062633,0.109073237634075,0.114461327665969,0.00196519074833358,0.0864180806019437,0,0,0.371715172355259,0.683448946205454,0.260960385573762
"SAMd1bd63734394",0.389337761578949,0.0734021183617886,0.189615843032079,0.10804754860365,0.0961431864676138,0.0235347965767705,0.0861693535988163,0.0284674662836588,0,0.141555047491103,0.0125657089264591,0.317936641169035,0,0.0923269973931735,0.00557910042535364,0.130126251432958,0,0.17290872729159,0.0957596379439908,0.307840479967346,0.0184169411116362,0.0154704319691052,0.026330079676344,0,0.0207296545595623,0,0,0.085986098574424,0.0131868391199919,0.11078699157217,0.0386447155378004,0.0824738960410504,0.0421767902708774,0.0116363066390071,0.604173257526419,0.0413937830834006,0.00164289047899667,0.0218806898433229,0.044550842095379,0.106742773297891,0.00480478500452648,0.349923909677717,0.120865433585908,0.102856991422157,0.122329526109353,0.0626233119253373,0.0823312680598939,0,0,0,0.0786589175087496,0.0199958986417866,0,0.00478083451355151,0.149233989476429,0.21925535249664,0,0,0.0795830913422585,0.0262576724094699,0,0.00426871527106491,0,0,0,0.0134400646237301,0.0843625222889731,0.0474749356943382,0,0.224682403411785,0.00254679199279267,0,0.0748077449516486,0.0489370682931124,0.069643573292432,0.035493806590286,0.125065114698027,0.0425831307863517,0.0822994875955769,0,0.0684014439907124,0.0236515269356751,0.225808285359385,0.0688940100420962,0.0886101199094576,0.0402707733234999,0,0.0262960401958557,0,0,0,0.00127983016091679,0.107356180338787,0.0940624525519135,0.0688511577662134,0.0121432100373965,0.340275216214547,0.963486910272921,0.165493980928704,0.983594740952843,0.930370800973607,0.794176054143896,0.179554687485654,0,0,0.00370388224524558,0.00643417877490482,0.0985658257749289,0,0.014205595600157,0.070425114272981,0.0714174293534247,0.057924628083124,0.0927327167692946,0,0,0.220830357280659,0.660428213601565,0.0211457593026179
"SAMe9ae8beb82fa",0.386915398053423,0.121594709082463,0.657866860078422,0.056001402948586,0.111173888726847,0.0374445009513229,0.14274968872813,0.119679133487385,0.0302659977787611,0.0718459906286205,0.0647855474463228,0.103977535897298,0.0325506464908675,0.113922403907317,0,0.0844939853463129,0,0.202023984711901,0.0298452209715879,0.0977778379225907,0.0460639857634304,0.093079605526893,0.210052764914908,0.329064434006258,0,0.331316042171819,0.0810060028517907,0.069798814547086,0.143285407281924,0.120423033708576,0.423502588340393,0.319491492878115,0.0376799443671221,0.018135924077127,0.395211152643534,0.011472214888077,0.0149845626002878,0.059005256651555,0.108863150940397,0.139511489287463,0.0674845332061211,0.177371762846856,0.0756210778280093,0.0640928482629684,0.16415218070071,0.0479712792983805,0.0728698982644766,0,0,0,0,0,0.0293549882845601,0.00859521558689084,0.117422921162345,0.0742526811046258,0,0.0478631384720589,0.0503222836794523,0.010658811967661,0,0,0.000135811490648534,0.0645973366725071,0.0516553412085666,0.0182174583274618,0.0377569234804926,0.019647277548104,0.0755191091449325,0.348715164654786,0.0698954873859573,0.0422016594563753,0.0323524897151509,0.090406431890552,0.0725205574168449,0.0141902162431295,0,0,0,0,0.0492481381478392,0.017600888031368,0.0385403806248009,0.00772807529162324,0,0,0,0.0420903782302659,0,0,0,0,0.115492590088494,0.0963767627022722,0.0367998949800702,0,0.532426777712378,0.924803347616088,0.0874427357830682,0.971983092498494,0.53005336841808,0.171650004901147,0.0947242748033157,0.0259042204707995,0.000542570755332544,0.026905810321435,0,0.0677867825665708,0,0,0.12107098361545,0.124199231092316,0.0082399421996421,0.0975100758496452,0,0.0126273319332363,0.51372428233052,0.82962279932572,0.357355468561026
"SAMba7176afe070",0.339862691302573,0.114900324046933,0.815767280818277,0.108719702610941,0.110127585701786,0.0251769007108557,0.117507420579954,0,0,0.110693383440591,0,0.105850301464982,0.00373583389699675,0.0817221659183955,0,0.145205348332206,0,0.183315488556832,0.0360558183629059,0,0.0306146682961628,0.0249227064599773,0,0.0307181197400491,0.0543965110939532,0.0729020999807055,0,0.118387162304475,0.0421221763352531,0.176266491708094,0.567394962988879,0.375779936233486,0.0369703095749676,0.00184552962867446,0.140136488849517,0.0326121139118067,0,0.0862386603805433,0.221869100057101,0.0740888481723633,0.0117574615963143,0.327886057692518,0.128445302470845,0.114709960914599,0.203131169583312,0.0664988130124801,0.0975578736690471,0.0222450146004378,0,0.00988176910634954,0.0516314093530872,0.0604816259761422,0,0,0.12332367545014,0.00997018811879034,0,0,0.0863960973042439,0.0607462531844389,0.0754693089615448,0.0383426193854007,0,0,0.0156702180169922,0,0.0359760632082362,0,0,0.441431062408376,0.0241777583104436,0.115188593214206,0.067772835728475,0.0843137865626494,0.0708281279848097,0,0.216053495329612,0,0.0182800470604555,0,0.0992147914767008,0.0337360053838027,0.109672020806509,0.00105717406908879,0.0649821565971093,0,0,0.0625498028782345,0.00971445018906273,0,0,0.041155742344507,0.0436381843828489,0.017477363105172,0.037804906712967,0.00816371529766365,0.310048211122027,0.912475389776727,0.181492898756274,0.97634778807882,0.589647071954041,0.2499674145894,0.195094499187626,0.228873700895703,0,0.0519248152335923,0.0303235075224469,0.113433402085972,0.0061458377176637,0.0305207897508592,0.12207611038688,0.127157194690466,0,0.126050897949477,0.0785106414650815,0.0736977219154056,0.196712836349733,0.808665175234044,0.302644626094739
"SAMbe83eae4026e",0.379163443852275,0.223777999504441,0.699499085409438,0.0894915445990394,0.109559128255365,0.0347784250957431,0.133197711092914,0.0785261638026981,0,0.0421461364744696,0.0520587591906952,0.0703862512585982,0,0.184791194088814,0.000575323167150352,0.1171016485466,0.0540522446931418,0.114596623904933,0.0137937205707157,0.197494031427939,0.0330970429507461,0.0663458091465808,0.107153514419066,0.168498685221964,0.0468363080708463,0.0285146027012855,0.00909990880122453,0.0716928682677885,0.0239882871595562,0.0801032880995341,0.273971422883689,0.107708498060204,0.0301998563553425,0.028859363409231,0.275816787261098,0.0122994890374416,0.00274258739225025,0.0506761099129188,0.190338413588078,0.164023535374578,0.010611681796014,0.366465212106374,0.0810257731762554,0.074719926814996,0.149812513175838,0.0539966723006031,0.0788465666655286,0,0,0.0172795534627444,0,0.0160229517789762,0.054884651508073,0.0222928003825558,0.141650375596477,0.0755404698737924,0,0,0.049574784807409,0.0206754042080583,0,0.00542553729138056,0,0,0,0.102710670120509,0.00841296023142654,0.0444686422105186,0.0418992095950039,0.264545901960483,0.0738611576378713,0.0736062855725778,0.0538914667121596,0.0813176099659769,0.0762452118693853,0.0307316123535765,0.140143431685397,0,0.00816155830898956,0,0.0818717952939712,0,0.16865818701464,0.0355169425106409,0.0850892131701493,0,0.00314797925607148,0.0366166498691088,0,0.0335727012289483,0,0,0.102729713466395,0.0272336740307042,0.0289887544526735,0,0.478713980764482,0.855912657767014,0.0930510295514468,0.939003784871258,0.774274231771439,0.061701055324571,0.108185002814947,0,0.0031422968025377,0.0150753124595706,0.0363357282796839,0.0871499180750499,0.022568065082428,0.0232340528602248,0.103257574342005,0.114265628363975,0.115046030329394,0,0,0,0.466506336789496,0.826159046635359,0.364694745640778
"SAMe5bc41772bc9",0.336833539651183,0.0813792768012428,0.825380629621236,0.0590123749443966,0.10999424646601,0.00467330703930385,0.098617240275929,0.0144432120788355,0,0.0929195701965364,0.017464523709058,0.079099463469134,0,0.16844166851319,0.0203052415293591,0.126550085375475,0,0.350952263786745,0.0286466183105602,0.305258060170735,0.0330460142646515,0,0.155284703091259,0.175651561934393,0.0338252821079093,0.00112403305195742,0.0735022528051463,0.0846905219318115,0.0491845345399985,0.120674267921652,0.328257120281536,0.099897616510239,0.0898943026867925,0.00825772418786288,0.25854354786589,0.0545648259649996,0.00148006525615485,0.0455935182911316,0.241977035590861,0.0970222176073943,0.0629912989332454,0.404105387745086,0.0942392000812726,0.0737552891009451,0.18700732359481,0.0599487115639724,0.0952180825679664,0,0,0.0107979412389232,0,0.0193595431408292,0.0389220553970516,0.0391716893843924,0.132793161156792,0.0997367710720314,0,0.0546992200820914,0.0604078912727285,0.0311063428497434,0,0,0,0,0.116044260509043,0.0209890665977104,0.0290777559712568,0.0297970545949305,0,0.352739732168697,0.0770433801917025,0.0378591454830279,0.0531215066885158,0.0763500863111658,0.08385789051239,0.0145246275314161,0,0,0.00537772233937826,0,0.0635611133050057,0.0287420124739057,0,0.00432175871225448,0.0448575875742642,0,0,0.0376167138341058,0.0160204187440062,0,0,0,0.0470558407814366,0,0.0804609042585434,0.0097885627531346,0.43321523245624,0.988996472726935,0.0990973548296593,0.995438359398694,0.596488804218625,0.331026898636671,0.141782315138556,0.018570125115908,0.0303758526781704,0.0135386039223992,0.00286426130381982,0.0710033710488806,0,0.000150100089790763,0.0999348608589246,0.10789165199209,0,0.103053362797538,0,0.00165217027015634,0.449488515134857,0.856621210390214,0.382484481729758
"SAM23095936e611",0.334079574030055,0.0993384941958756,0.591385933508867,0.093713341340743,0.111756454984044,0.00506397422359481,0.107918503774027,0.0627874190432025,0,0.0866306749092252,0,0.0532062380673455,0.00030252165569776,0.108009098028061,0,0.141573825376495,0,0.0519412792825582,0.0281454830252163,0.0240710941798382,0.0252163288209662,0.0750863681740579,0.179264929675344,0.121985707001649,0.0191763130473823,0.0979886412850198,0,0.0912553711178775,0.0217202015840285,0.0942580048445255,0.181087006553452,0,0.0495224341670598,0.00449930383357265,0.284382379163777,0.0369881202794297,0.00177298376864487,0.0250519320803266,0.42751562502397,0.134389076570002,0.0119494378103715,0.593513419038675,0.11396657164952,0.0823205173297052,0.170483030110252,0.0695983364886836,0.0915372426427401,0.0671692092422573,0,0.0109105924946594,0,0.0449195984194825,0.0279272214541734,0,0.153714017655592,0.239755488396946,0,0.160467515434506,0.063288714395831,0.0489139544615042,0,0.0222892998039047,0,0.207389933767261,0,0.0426356726109388,0.0291626105680601,0.0366733114867887,0,0.469868908880749,0.056293906948744,0.0942476821940516,0.0613632253937985,0.0844807843376879,0.0741435380604786,0,0,0,0.00131834698981344,0,0.0915683039740111,0.0258912570433019,0.257108693473248,0.0909452081201922,0.0914177035515299,0.0160096931562591,0,0.0499468845003523,0,0,0,0.0132518506211996,0.0509473602570683,0.063386778681399,0.0609834926728677,0.00390601172368502,0.359750266153889,0.961749725500268,0.119854343279223,0.985891525100713,0.92112615172812,0.177826321659307,0.135406544784054,0,0,0.0226861068787696,0.0353684857897316,0.108832435067118,0.0175438072656639,0.0241293358410141,0.108705231633883,0.120245960246644,0.00456262971138327,0.122883280687094,0,0,0.413160711106086,0.875834963384793,0.4702839661569
"SAM7114d99032ec",0.314549897343132,0.0943834603110611,0.376275535618925,0.087423517194756,0.103607962068126,0.00405541468972101,0.0919551543798495,0.0618107919298557,0,0.0791458488990867,0.00256712133530699,0.0359827681590258,0.00239154011317946,0.118964557717036,0,0.134784309553964,0,0.112041688060543,0.0456450192261754,0.168160995602886,0.0220806831450133,0.0809361133417904,0.0529938342176972,0.268685793843758,0.0460294755417418,0,8.75067820434033e-05,0.091704464459369,0.0430191522408468,0.105860602995555,0.382269971679065,0.204420680936409,0.0630622016238679,0.0122345886023949,0.617406149296541,0.0289419705256313,0,0,0.258647666592668,0.29527614221687,0.00595175623554245,0.17914354147575,0.114004259361096,0.0753155851688909,0.176105522580796,0.0626400334152181,0.0955601132696501,0,0,0.00302586930011032,0.0544760553211706,0.038109150872427,0,0,0.130289749198416,0.208199288228567,0.0401219565827166,0.169632695611058,0.0580602994977449,0.0362666440782859,0,0.00345670525035383,0,0,0,0.00582834833578495,0.028830153677597,0,0.0131781668199107,0.471719640367023,0.0380828180523362,0.02678446247134,0.0659236764691622,0.0827377821420144,0.0774208104878133,0,0,0,0,0,0.0804450703368469,0.0437718202979617,0.181267994603184,0.0235450975296201,0.0551551835481432,0,0,0.0407262573880316,0,0,0,0,0.0390395223743988,0.0311792880506908,0.0625991523239667,0,0.382496145618259,0.970574308466399,0.104378120287917,0.991716473568502,0.798835935552477,0.242091439230926,0.116996158157712,0.0171335913293574,0.00392090813728334,0.0257388982204749,0.0479608620334637,0.136300840061006,0.00427929536458208,0.0135798555094971,0.124386925931461,0.115045117203766,0.018521787663407,0.129055267452105,0.0691532148481179,0.0276058034911805,0.464235878234148,0.936256306527636,0.456721057624634
"SAMdb3f50c9129c",0.368666782091594,0.184547457450594,0.87093581920525,0.0978146289352025,0.130091946988062,0.0549298337006279,0.0693923984369893,0.0980351248713632,0.00218252615316373,0.0583620673105113,0.0117479309175453,0.047735869803864,0.0273409259542986,0.0828418155337955,0,0.124916641565256,0,0.128518601495793,0.0211480203826593,0.144869611285911,0.0554719988082645,0.0734351761995623,0.993032717221257,0.466663574802312,0.122188231084668,0.436306062890266,0,0.0928507756036,0.0554161392549497,0.142027730643297,0,0,0.0705070963300724,0.00658446217113023,0.0629524276234688,0.0239785099852813,0,0.0242902200394102,0.0393133701472826,0.0869966148122776,0,0.00348364138937153,0.116997732837997,0.076969527772563,0.169523489847386,0.0875533980182715,0.122801380353398,0.0151421788181785,0,0,0.012686554231955,0.0205898474283956,0,0,0.138337855292728,0.0871794251183336,0,0,0.0497309542543105,0.0307236139751186,0,0,0,0,0.00131075842375759,0.0227442493626333,0.0547678546256829,0.065106234912982,0.0622287690809031,0.387119109911077,0.0225609858199199,0.0215828310109414,0.0664680995024487,0.0801518542223369,0.0761376012022665,0.026385014594929,0.13518816142143,0,0,0,0.0752074164210774,0,0.00972694595475551,0.00878847799440295,0.0495582924568899,0.000134941160598998,0,0.0304983335717147,0,0.091726496965516,0.369784009721785,0,0.0851988812736402,0.013712089996792,0.0862372256654116,0,0.359513452760376,0.967459659246766,0.110287909225008,0.985524499528357,0.713041036992877,0.0520262395510719,0.122980740321503,0.0193673270990968,0.00522980474181269,0.0236754140240791,0.0174837248836118,0.109838401397786,0,0,0.113577110427112,0.10906032176094,0.00463411998856075,0.154472613803287,0.0991325569059291,0.102283916692979,0.439658671393071,0.833846123549747,0.49974335208951
